dataset,avGFLOPS
CDS1,25.7938353
CDS2,26.7896003
CDS3,21.4586113
