dataset,iter,mbw
CDS1,79.9722169
CDS2,83.98729639999999
CDS3,67.2371292
