dataset,avGFLOPS
CDS1,231.5388052
CDS2,219.5014104
