dataset,iter,mbw
CDS1,825.0662181
CDS2,827.7900323
